<?xml version="1.0" encoding="UTF-8"?>
<project>
	<pomVersion>3</pomVersion>
	<id>meercat</id>
	<name>Meercat</name>
	<currentVersion>0.3</currentVersion>
	<organization>
		<name>Anite</name>
		<url>http://www.anite.com/publicsector</url>
		<logo>/images/APS_logo.gif</logo>
	</organization>
	<!-- Gump integration -->
	<gumpRepositoryId>
	</gumpRepositoryId>

	<issueTrackingUrl>http://zebra.tigris.org/servlets/ProjectIssues</issueTrackingUrl>
	<siteAddress>http://zebra.tigris.org/meercat</siteAddress>
	<siteDirectory></siteDirectory>
	<distributionDirectory>
	</distributionDirectory>
	<repository><connection>scm:cvs:pserver:anoncvs@cvs.tigris.org:/cvs:zebra/src/java/meercat</connection> 
		<url>http://zebra.tigris.org/source/browse/zebra/src/java/meercat/</url> 
		</repository>
	<developers>
		<developer>
			<name>Ben Gidley</name>
			<id>bgidley</id>
			<email>ben.gidley@anite.com</email>
			<organization/>
			<roles>
				<role>Project Engineer</role>
			</roles>
		</developer>
		<developer>
			<name>Peter Courcoux</name>
			<id>pcourcoux</id>
			<email>peter.courcoux@anite.com</email>
			<organization/>
			<roles>
				<role>Consultant Software Engineer</role>
			</roles>
		</developer>
	</developers>
	<dependencies>
		<dependency>
			<id>commons-lang</id>
			<version>2.0</version>
		</dependency>
		<dependency>
			<id>commons-logging</id>
			<version>1.0.3</version>
		</dependency>
		<dependency>
			<id>hibernate</id>
			<version>2.1.3</version>
		</dependency>
		<dependency>
			<id>servletapi</id>
			<version>2.3</version>
		</dependency>
	</dependencies>
	<build>
		<nagEmailAddress>bengidley@tigris.org</nagEmailAddress>
		<sourceDirectory>src/java</sourceDirectory>
		<unitTestSourceDirectory>src/test</unitTestSourceDirectory>
		<unitTest>
			<includes>
				<include>**/*Test*.java</include>
			</includes>
			<excludes>
				<!-- Tests used in Unit Testing SystemTestRunner! -->
			</excludes>
			<resources>
			</resources>
		</unitTest>
		<resources>
			<resource>
				<directory>src/test</directory>
				<targetPath>/</targetPath>
				<includes>
				</includes>
			</resource>
			<resource>
				<directory>src/java</directory>
				<targetPath>/</targetPath>
				<includes>
					<include>**/*.xml</include>
				</includes>
			</resource>
		</resources>
		<jars>
		</jars>
	</build>
	
	<reports>
		<report>maven-changelog-plugin</report>
		<report>maven-changes-plugin</report>
		<report>maven-jdepend-plugin</report>
		<report>maven-checkstyle-plugin</report>
		<report>maven-pmd-plugin</report>
		<report>maven-javadoc-plugin</report>
		<report>maven-jxr-plugin</report>
		<report>maven-tasklist-plugin</report>
		<report>maven-developer-activity-plugin</report>
		<report>maven-simian-plugin</report>		
	</reports>
</project>
